X,y
-100.0,21000.0
-99.89994997498749,20958.999509759884
-99.79989994997499,20918.039059549785
-99.69984992496248,20877.118649369706
-99.59979989994997,20836.23827921965
-99.49974987493746,20795.39794909961
-99.39969984992496,20754.597659009592
-99.29964982491245,20713.837408949596
-99.19959979989996,20673.117198919623
-99.09954977488745,20632.437028919663
-98.99949974987494,20591.796898949728
-98.89944972486244,20551.19680900981
-98.79939969984993,20510.63675909991
-98.69934967483742,20470.116749220033
-98.59929964982491,20429.636779370176
-98.4992496248124,20389.19684955034
-98.3991995997999,20348.796959760522
-98.29914957478739,20308.437110000723
-98.19909954977489,20268.117300270944
-98.09904952476238,20227.83753057119
-97.99899949974987,20187.597800901447
-97.89894947473736,20147.398111261733
-97.79889944972486,20107.238461652036
-97.69884942471235,20067.11885207236
-97.59879939969986,20027.039282522703
-97.49874937468735,19986.999753003067
-97.39869934967484,19947.00026351345
-97.29864932466234,19907.040814053853
-97.19859929964983,19867.121404624275
-97.09854927463732,19827.242035224717
-96.99849924962481,19787.40270585518
-96.8984492246123,19747.603416515663
-96.7983991995998,19707.844167206167
-96.69834917458729,19668.124957926684
-96.59829914957479,19628.44578867723
-96.49824912456228,19588.806659457794
-96.39819909954977,19549.207570268372
-96.29814907453726,19509.64852110898
-96.19809904952476,19470.1295119796
-96.09804902451225,19430.65054288024
-95.99799899949976,19391.21161381091
-95.89794897448725,19351.812724771593
-95.79789894947474,19312.453875762294
-95.69784892446224,19273.13506678302
-95.59779889944973,19233.85629783376
-95.49774887443722,19194.61756891452
-95.39769884942471,19155.418880025307
-95.2976488244122,19116.26023116611
-95.1975987993997,19077.14162233693
-95.09754877438719,19038.063053537775
-94.99749874937469,18999.024524768636
-94.89744872436218,18960.026036029518
-94.79739869934967,18921.067587320424
-94.69734867433716,18882.149178641346
-94.59729864932466,18843.270809992286
-94.49724862431216,18804.432481373256
-94.39719859929966,18765.63419278424
-94.29714857428715,18726.87594422524
-94.19709854927464,18688.157735696263
-94.09704852426214,18649.479567197308
-93.99699849924963,18610.841438728366
-93.89694847423712,18572.243350289453
-93.79689844922461,18533.685301880556
-93.6968484242121,18495.167293501676
-93.5967983991996,18456.68932515282
-93.49674837418709,18418.251396833984
-93.39669834917459,18379.853508545166
-93.29664832416208,18341.49566028637
-93.19659829914957,18303.177852057594
-93.09654827413706,18264.900083858833
-92.99649824912456,18226.6623556901
-92.89644822411205,18188.464667551383
-92.79639819909956,18150.30701944269
-92.69634817408705,18112.189411364012
-92.59629814907454,18074.111843315357
-92.49624812406203,18036.074315296722
-92.39619809904953,17998.0768273081
-92.29614807403702,17960.119379349504
-92.19609804902451,17922.20197142093
-92.096048024012,17884.32460352237
-91.9959979989995,17846.487275653835
-91.89594797398699,17808.68998781532
-91.79589794897448,17770.93274000682
-91.69584792396198,17733.215532228343
-91.59579789894947,17695.53836447989
-91.49574787393696,17657.90123676145
-91.39569784892447,17620.30414907304
-91.29564782391196,17582.747101414643
-91.19559779889946,17545.230093786264
-91.09554777388695,17507.75312618791
-90.99549774887444,17470.316198619574
-90.89544772386193,17432.919311081252
-90.79539769884943,17395.56246357296
-90.69534767383692,17358.24565609468
-90.59529764882441,17320.968888646425
-90.4952476238119,17283.73216122819
-90.3951975987994,17246.535473839973
-90.29514757378689,17209.378826481774
-90.19509754877438,17172.2622191536
-90.09504752376188,17135.18565185544
-89.99499749874937,17098.149124587304
-89.89494747373686,17061.152637349187
-89.79489744872436,17024.19619014109
-89.69484742371185,16987.279782963014
-89.59479739869936,16950.403415814963
-89.49474737368685,16913.567088696927
-89.39469734867434,16876.77080160891
-89.29464732366183,16840.014554550915
-89.19459729864933,16803.298347522938
-89.09454727363682,16766.62218052498
-88.99449724862431,16729.986053557044
-88.8944472236118,16693.38996661913
-88.7943971985993,16656.833919711233
-88.69434717358679,16620.317912833354
-88.59429714857428,16583.841945985496
-88.49424712356178,16547.40601916766
-88.39419709854927,16511.010132379844
-88.29414707353676,16474.654285622048
-88.19409704852427,16438.33847889428
-88.09404702351176,16402.062712196523
-87.99399699849926,16365.826985528785
-87.89394697348675,16329.631298891069
-87.79389694847424,16293.475652283372
-87.69384692346173,16257.360045705696
-87.59379689844923,16221.28447915804
-87.49374687343672,16185.248952640404
-87.39369684842421,16149.253466152786
-87.2936468234117,16113.29801969519
-87.1935967983992,16077.382613267615
-87.09354677338669,16041.507246870058
-86.99349674837418,16005.67192050252
-86.89344672336168,15969.876634165006
-86.79339669834917,15934.121387857509
-86.69334667333666,15898.406181580032
-86.59329664832416,15862.731015332578
-86.49324662331166,15827.095889115146
-86.39319659829916,15791.500802927729
-86.29314657328665,15755.945756770334
-86.19309654827414,15720.430750642956
-86.09304652326163,15684.9557845456
-85.99299649824913,15649.520858478265
-85.89294647323662,15614.125972440948
-85.79289644822411,15578.771126433654
-85.6928464232116,15543.456320456376
-85.5927963981991,15508.18155450912
-85.49274637318659,15472.946828591885
-85.39269634817408,15437.752142704669
-85.29264632316158,15402.597496847471
-85.19259629814907,15367.482891020296
-85.09254627313658,15332.408325223145
-84.99249624812407,15297.373799456009
-84.89244622311156,15262.379313718893
-84.79239619809906,15227.424868011796
-84.69234617308655,15192.51046233472
-84.59229614807404,15157.636096687665
-84.49224612306153,15122.801771070628
-84.39219609804903,15088.007485483613
-84.29214607303652,15053.253239926618
-84.19209604802401,15018.53903439964
-84.0920460230115,14983.864868902685
-83.991995997999,14949.23074343575
-83.89194597298649,14914.636657998833
-83.79189594797398,14880.082612591938
-83.69184592296148,14845.568607215062
-83.59179589794897,14811.094641868205
-83.49174587293646,14776.66071655137
-83.39169584792396,14742.266831264555
-83.29164582291145,14707.91298600776
-83.19159579789896,14673.599180780988
-83.09154577288645,14639.325415584231
-82.99149574787394,14605.091690417496
-82.89144572286143,14570.898005280782
-82.79139569784893,14536.744360174085
-82.69134567283642,14502.630755097409
-82.59129564782391,14468.557190050755
-82.4912456228114,14434.523665034118
-82.3911955977989,14400.5301800475
-82.29114557278639,14366.576735090906
-82.19109554777388,14332.66333016433
-82.09104552276138,14298.789965267775
-81.99099549774888,14264.956640401244
-81.89094547273638,14231.163355564728
-81.79089544772387,14197.410110758232
-81.69084542271136,14163.696905981758
-81.59079539769886,14130.023741235302
-81.49074537268635,14096.390616518867
-81.39069534767384,14062.797531832452
-81.29064532266133,14029.244487176054
-81.19059529764883,13995.731482549681
-81.09054527263632,13962.258517953325
-80.99049524762381,13928.825593386988
-80.8904452226113,13895.432708850674
-80.7903951975988,13862.079864344378
-80.69034517258629,13828.767059868102
-80.59029514757378,13795.494295421848
-80.49024512256128,13762.26157100561
-80.39019509754877,13729.068886619396
-80.29014507253626,13695.916242263202
-80.19009504752376,13662.803637937026
-80.09004502251126,13629.731073640874
-79.98999499749875,13596.69854937474
-79.88994497248625,13563.706065138624
-79.78989494747374,13530.753620932528
-79.68984492246123,13497.841216756453
-79.58979489744873,13464.968852610398
-79.48974487243622,13432.136528494364
-79.38969484742371,13399.344244408348
-79.2896448224112,13366.592000352352
-79.1895947973987,13333.879796326375
-79.08954477238619,13301.20763233042
-78.98949474737368,13268.575508364485
-78.88944472236119,13235.983424428576
-78.78939469734868,13203.431380522681
-78.68934467233618,13170.919376646805
-78.58929464732367,13138.447412800951
-78.48924462231116,13106.015488985115
-78.38919459729865,13073.623605199298
-78.28914457228615,13041.271761443506
-78.18909454727364,13008.959957717729
-78.08904452226113,12976.688194021974
-77.98899449724863,12944.45647035624
-77.88894447223612,12912.264786720523
-77.78889444722361,12880.113143114828
-77.6888444222111,12848.001539539155
-77.5887943971986,12815.929975993498
-77.48874437218609,12783.898452477863
-77.38869434717358,12751.906968992249
-77.28864432216108,12719.955525536654
-77.18859429714857,12688.044122111078
-77.08854427213606,12656.172758715524
-76.98849424712355,12624.341435349988
-76.88844422211106,12592.550152014479
-76.78839419709855,12560.798908708985
-76.68834417208605,12529.087705433509
-76.58829414707354,12497.416542188055
-76.48824412206103,12465.785418972619
-76.38819409704853,12434.194335787204
-76.28814407203602,12402.64329263181
-76.18809404702351,12371.132289506435
-76.088044022011,12339.661326411078
-75.9879939969985,12308.230403345746
-75.88794397198599,12276.83952031043
-75.78789394697348,12245.488677305135
-75.68784392196099,12214.177874329866
-75.58779389694848,12182.90711138461
-75.48774387193598,12151.676388469376
-75.38769384692347,12120.48570558416
-75.28764382191096,12089.335062728966
-75.18759379689845,12058.224459903791
-75.08754377188595,12027.153897108636
-74.98749374687344,11996.1233743435
-74.88744372186093,11965.132891608388
-74.78739369684843,11934.182448903292
-74.68734367183592,11903.272046228216
-74.58729364682341,11872.401683583163
-74.4872436218109,11841.571360968128
-74.3871935967984,11810.781078383112
-74.28714357178589,11780.030835828118
-74.18709354677338,11749.320633303143
-74.08704352176088,11718.650470808188
-73.98699349674837,11688.020348343256
-73.88694347173586,11657.43026590834
-73.78689344672337,11626.880223503449
-73.68684342171086,11596.370221128576
-73.58679339669835,11565.90025878372
-73.48674337168585,11535.470336468885
-73.38669334667334,11505.080454184072
-73.28664332166083,11474.730611929277
-73.18659329664833,11444.420809704501
-73.08654327163582,11414.15104750975
-72.98649324662331,11383.921325345013
-72.8864432216108,11353.7316432103
-72.7863931965983,11323.582001105606
-72.68634317158579,11293.47239903093
-72.5862931465733,11263.40283698628
-72.48624312156079,11233.373314971646
-72.38619309654828,11203.38383298703
-72.28614307153578,11173.434391032437
-72.18609304652327,11143.524989107862
-72.08604302151076,11113.655627213308
-71.98599299649825,11083.826305348775
-71.88594297148575,11054.03702351426
-71.78589294647324,11024.287781709765
-71.68584292146073,10994.57857993529
-71.58579289644823,10964.909418190837
-71.48574287143572,10935.280296476401
-71.38569284642321,10905.691214791988
-71.2856428214107,10876.142173137594
-71.1855927963982,10846.633171513218
-71.08554277138569,10817.164209918867
-70.98549274637318,10787.735288354532
-70.88544272136068,10758.346406820216
-70.78539269634817,10728.997565315924
-70.68534267133566,10699.688763841648
-70.58529264632317,10670.420002397399
-70.48524262131066,10641.191280983165
-70.38519259629815,10612.00259959895
-70.28514257128565,10582.853958244757
-70.18509254627314,10553.745356920583
-70.08504252126063,10524.676795626428
-69.98499249624813,10495.648274362295
-69.88494247123562,10466.65979312818
-69.78489244622311,10437.711351924085
-69.6848424212106,10408.802950750012
-69.5847923961981,10379.934589605959
-69.48474237118559,10351.106268491923
-69.3846923461731,10322.317987407914
-69.28464232116059,10293.56974635392
-69.18459229614808,10264.861545329944
-69.08454227113558,10236.193384335993
-68.98449224612307,10207.565263372058
-68.88444222111056,10178.977182438146
-68.78439219609805,10150.42914153425
-68.68434217108555,10121.921140660375
-68.58429214607304,10093.453179816523
-68.48424212106053,10065.025259002688
-68.38419209604803,10036.637378218875
-68.28414207103552,10008.28953746508
-68.18409204602301,9979.981736741307
-68.0840420210105,9951.713976047553
-67.983991995998,9923.48625538382
-67.88394197098549,9895.298574750106
-67.78389194597298,9867.150934146412
-67.68384192096048,9839.04333357274
-67.58379189594797,9810.975773029084
-67.48374187093546,9782.948252515449
-67.38369184592295,9754.960772031838
-67.28364182091046,9727.013331578246
-67.18359179589795,9699.105931154672
-67.08354177088545,9671.23857076112
-66.98349174587294,9643.411250397585
-66.88344172086043,9615.62397006407
-66.78339169584793,9587.87672976058
-66.68334167083542,9560.169529487104
-66.58329164582291,9532.50236924365
-66.48324162081042,9504.875249030221
-66.38319159579791,9477.288168846808
-66.2831415707854,9449.741128693415
-66.1830915457729,9422.23412857004
-66.08304152076039,9394.767168476686
-65.98299149574788,9367.340248413355
-65.88294147073537,9339.95336838004
-65.78289144572287,9312.606528376746
-65.68284142071036,9285.299728403474
-65.58279139569785,9258.03296846022
-65.48274137068535,9230.806248546985
-65.38269134567284,9203.619568663773
-65.28264132066033,9176.47292881058
-65.18259129564782,9149.366328987404
-65.08254127063532,9122.299769194253
-64.98249124562281,9095.273249431119
-64.8824412206103,9068.286769698005
-64.7823911955978,9041.340329994911
-64.68234117058529,9014.433930321838
-64.58229114557278,8987.567570678784
-64.48224112056027,8960.741251065752
-64.38219109554777,8933.954971482737
-64.28214107053526,8907.208731929744
-64.18209104552275,8880.502532406772
-64.08204102051026,8853.836372913822
-63.98199099549775,8827.210253450889
-63.881940970485246,8800.624174017976
-63.78189094547274,8774.078134615082
-63.68184092046023,8747.57213524221
-63.581790895447725,8721.106175899355
-63.48174087043522,8694.680256586522
-63.38169084542271,8668.29437730371
-63.28164082041021,8641.948538050918
-63.1815907953977,8615.642738828145
-63.081540770385196,8589.376979635392
-62.98149074537269,8563.15126047266
-62.88144072036018,8536.965581339944
-62.781390695347675,8510.819942237253
-62.68134067033517,8484.71434316458
-62.58129064532266,8458.648784121926
-62.48124062031016,8432.623265109294
-62.38119059529765,8406.637786126681
-62.281140570285146,8380.692347174088
-62.18109054527264,8354.786948251514
-62.08104052026013,8328.921589358963
-61.980990495247624,8303.09627049643
-61.88094047023512,8277.310991663915
-61.78089044522261,8251.565752861423
-61.68084042021011,8225.860554088951
-61.5807903951976,8200.195395346498
-61.480740370185096,8174.5702766340655
-61.38069034517259,8148.9851979516525
-61.28064032016008,8123.44015929926
-61.180590295147574,8097.935160676887
-61.08054027013507,8072.470202084533
-60.98049024512257,8047.045283522203
-60.88044022011006,8021.660404989891
-60.78039019509755,7996.315566487597
-60.680340170085046,7971.010768015324
-60.58029014507254,7945.746009573071
-60.48024012006003,7920.521291160838
-60.380190095047524,7895.336612778626
-60.28014007003502,7870.191974426433
-60.18009004502252,7845.087376104262
-60.08004002001001,7820.022817812109
-59.9799899949975,7794.998299549976
-59.879939969984996,7770.013821317863
-59.77988994497249,7745.0693831157705
-59.67983991995998,7720.164984943698
-59.579789894947474,7695.300626801645
-59.47973986993497,7670.476308689612
-59.37968984492247,7645.692030607601
-59.27963981990996,7620.947792555608
-59.17958979489745,7596.2435945336365
-59.079539769884946,7571.579436541683
-58.97948974487244,7546.95531857975
-58.87943971985993,7522.371240647838
-58.779389694847424,7497.827202745945
-58.67933966983492,7473.323204874073
-58.57928964482242,7448.859247032222
-58.47923961980991,7424.435329220389
-58.3791895947974,7400.051451438577
-58.279139569784896,7375.7076136867845
-58.17908954477239,7351.403815965012
-58.07903951975988,7327.140058273259
-57.978989494747374,7302.916340611527
-57.87893946973487,7278.732662979814
-57.77888944472237,7254.589025378123
-57.67883941970986,7230.48542780645
-57.57878939469735,7206.421870264799
-57.478739369684845,7182.398352753165
-57.37868934467234,7158.414875271553
-57.27863931965983,7134.471437819961
-57.178589294647324,7110.568040398388
-57.07853926963482,7086.704683006836
-56.97848924462232,7062.881365645305
-56.87843921960981,7039.098088313794
-56.7783891945973,7015.3548510123
-56.678339169584795,6991.651653740828
-56.57828914457229,6967.988496499376
-56.47823911955978,6944.365379287943
-56.378189094547274,6920.7823021065315
-56.27813906953477,6897.239264955139
-56.17808904452227,6873.736267833769
-56.07803901950976,6850.273310742416
-55.97798899449725,6826.850393681084
-55.877938969484745,6803.467516649771
-55.77788894447224,6780.124679648478
-55.67783891945973,6756.821882677207
-55.577788894447224,6733.559125735955
-55.47773886943472,6710.336408824722
-55.37768884442222,6687.153731943512
-55.27763881940971,6664.01109509232
-55.1775887943972,6640.908498271148
-55.077538769384695,6617.845941479995
-54.97748874437219,6594.823424718863
-54.87743871935968,6571.840947987752
-54.777388694347174,6548.8985112866585
-54.677338669334674,6525.996114615588
-54.57728864432217,6503.133757974537
-54.47723861930966,6480.311441363504
-54.37718859429715,6457.529164782492
-54.277138569284645,6434.7869282315005
-54.17708854427214,6412.084731710528
-54.07703851925963,6389.422575219576
-53.976988494247124,6366.800458758644
-53.876938469234624,6344.218382327734
-53.77688844422212,6321.676345926841
-53.67683841920961,6299.1743495559695
-53.5767883941971,6276.712393215118
-53.476738369184595,6254.290476904285
-53.37668834417209,6231.908600623474
-53.27663831915958,6209.566764372682
-53.176588294147074,6187.26496815191
-53.07653826913457,6165.00321196116
-52.976488244122066,6142.781495800428
-52.87643821910956,6120.599819669716
-52.77638819409705,6098.458183569024
-52.676338169084545,6076.356587498352
-52.57628814407204,6054.295031457701
-52.47623811905953,6032.273515447068
-52.37618809404702,6010.292039466457
-52.27613806903452,5988.350603515866
-52.176088044022016,5966.449207595294
-52.07603801900951,5944.587851704743
-51.975987993997,5922.766535844211
-51.875937968984495,5900.9852600137
-51.77588794397199,5879.244024213207
-51.67583791895948,5857.542828442736
-51.57578789394697,5835.881672702284
-51.47573786893447,5814.260556991853
-51.375687843921966,5792.679481311442
-51.27563781890946,5771.138445661051
-51.17558779389695,5749.637450040678
-51.075537768884445,5728.1764944503275
-50.97548774387194,5706.755578889996
-50.87543771885943,5685.374703359684
-50.77538769384692,5664.033867859393
-50.67533766883442,5642.733072389123
-50.575287643821916,5621.472316948871
-50.47523761880941,5600.251601538639
-50.3751875937969,5579.070926158428
-50.275137568784395,5557.930290808236
-50.17508754377189,5536.829695488064
-50.07503751875938,5515.769140197913
-49.97498749374687,5494.748624937782
-49.87493746873437,5473.768149707671
-49.774887443721866,5452.82771450758
-49.67483741870936,5431.927319337508
-49.57478739369685,5411.066964197456
-49.474737368684345,5390.246649087426
-49.37468734367184,5369.466374007415
-49.27463731865933,5348.726138957423
-49.17458729364682,5328.025943937451
-49.07453726863432,5307.365788947502
-48.974487243621816,5286.745673987571
-48.87443721860931,5266.165599057658
-48.7743871935968,5245.625564157767
-48.674337168584294,5225.125569287896
-48.57428714357179,5204.665614448044
-48.47423711855928,5184.245699638213
-48.37418709354678,5163.865824858403
-48.27413706853427,5143.525990108613
-48.174087043521766,5123.226195388841
-48.07403701850926,5102.96644069909
-47.97398699349675,5082.746726039359
-47.873936968484244,5062.567051409647
-47.77388694347174,5042.427416809956
-47.67383691845923,5022.327822240285
-47.57378689344673,5002.268267700634
-47.47373686843422,4982.248753191004
-47.373686843421716,4962.269278711393
-47.27363681840921,4942.329844261802
-47.1735867933967,4922.43044984223
-47.073536768384194,4902.571095452679
-46.97348674337169,4882.751781093149
-46.87343671835918,4862.972506763636
-46.77338669334668,4843.233272464147
-46.67333666833417,4823.534078194676
-46.573286643321666,4803.874923955224
-46.47323661830916,4784.255809745794
-46.37318659329665,4764.676735566383
-46.273136568284144,4745.137701416992
-46.17308654327164,4725.638707297621
-46.07303651825913,4706.17975320827
-45.97298649324663,4686.760839148941
-45.87293646823412,4667.381965119629
-45.772886443221616,4648.043131120338
-45.67283641820911,4628.744337151068
-45.5727863931966,4609.485583211816
-45.472736368184094,4590.266869302585
-45.37268634317159,4571.088195423375
-45.27263631815908,4551.9495615741835
-45.17258629314658,4532.850967755015
-45.07253626813407,4513.7924139658635
-44.972486243121566,4494.773900206733
-44.87243621810906,4475.795426477622
-44.77238619309655,4456.856992778531
-44.672336168084044,4437.95859910946
-44.57228614307154,4419.100245470409
-44.47223611805903,4400.281931861378
-44.37218609304653,4381.503658282369
-44.27213606803402,4362.765424733378
-44.172086043021515,4344.067231214408
-44.07203601800901,4325.409077725457
-43.9719859929965,4306.790964266526
-43.871935967983994,4288.212890837615
-43.77188594297149,4269.674857438725
-43.67183591795898,4251.176864069854
-43.57178589294648,4232.718910731004
-43.47173586793397,4214.300997422174
-43.371685842921465,4195.923124143364
-43.27163581790896,4177.585290894573
-43.17158579289645,4159.287497675802
-43.071535767883944,4141.029744487051
-42.97148574287144,4122.812031328321
-42.87143571785893,4104.63435819961
-42.77138569284643,4086.4967251009207
-42.67133566783392,4068.3991320322502
-42.571285642821415,4050.3415789936
-42.47123561780891,4032.324065984969
-42.3711855927964,4014.3465930063585
-42.271135567783894,3996.409160057768
-42.17108554277139,3978.5117671391977
-42.07103551775889,3960.6544142506486
-41.97098549274638,3942.837101392118
-41.87093546773387,3925.059828563608
-41.770885442721365,3907.322595765117
-41.67083541770886,3889.6254029966462
-41.57078539269635,3871.9682502581963
-41.470735367683844,3854.3511375497656
-41.37068534267134,3836.774064871355
-41.27063531765884,3819.2370322229663
-41.17058529264633,3801.7400396045955
-41.07053526763382,3784.2830870162456
-40.970485242621315,3766.866174457915
-40.87043521760881,3749.4893019296046
-40.7703851925963,3732.1524694313143
-40.670335167583794,3714.855676963044
-40.57028514257129,3697.598924524794
-40.470235117558786,3680.382212116565
-40.37018509254628,3663.205539738354
-40.27013506753377,3646.0689073901644
-40.170085042521265,3628.9723150719938
-40.07003501750876,3611.915762783844
-39.96998499249625,3594.899250525714
-39.86993496748374,3577.922778297603
-39.769884942471236,3560.9863460995134
-39.669834917458736,3544.089953931444
-39.56978489244623,3527.233601793394
-39.46973486743372,3510.417289685364
-39.369684842421215,3493.6410176073537
-39.26963481740871,3476.9047855593635
-39.1695847923962,3460.2085935413934
-39.06953476738369,3443.5524415534433
-38.969484742371186,3426.936329595513
-38.869434717358686,3410.3602576676044
-38.76938469234618,3393.8242257697143
-38.66933466733367,3377.328233901844
-38.569284642321165,3360.872282063994
-38.46923461730866,3344.456370256164
-38.36918459229615,3328.080498478354
-38.26913456728364,3311.744666730564
-38.169084542271136,3295.4488750127944
-38.069034517258636,3279.1931233250452
-37.96898449224613,3262.977411667315
-37.86893446723362,3246.801740039605
-37.768884442221115,3230.6661084419156
-37.66883441720861,3214.5705168742456
-37.5687843921961,3198.5149653365957
-37.46873436718359,3182.4994538289657
-37.368684342171086,3166.5239823513557
-37.268634317158586,3150.588550903767
-37.16858429214608,3134.693159486197
-37.06853426713357,3118.837808098647
-36.968484242121065,3103.0224967411177
-36.86843421710856,3087.247225413608
-36.76838419209605,3071.5119941161183
-36.66833416708354,3055.8168028486484
-36.568284142071036,3040.161651611198
-36.468234117058536,3024.54654040377
-36.36818409204603,3008.97146922636
-36.26813406703352,2993.4364380789702
-36.168084042021015,2977.9414469616004
-36.06803401700851,2962.4864958742505
-35.96798399199601,2947.071584816922
-35.8679339669835,2931.696713789612
-35.76788394197099,2916.361882792323
-35.667833916958486,2901.067091825053
-35.56778389194598,2885.812340887803
-35.46773386693347,2870.597629980574
-35.367683841920964,2855.422959103364
-35.26763381690846,2840.2883282561743
-35.16758379189595,2825.193737439005
-35.06753376688344,2810.139186651855
-34.967483741870936,2795.1246758947254
-34.86743371685843,2780.150205167616
-34.76738369184592,2765.2157744705264
-34.667333666833414,2750.321383803457
-34.56728364182092,2735.4670331664097
-34.467233616808414,2720.6527225593804
-34.36718359179591,2705.8784519823707
-34.2671335667834,2691.144221435381
-34.16708354177089,2676.450030918412
-34.067033516758386,2661.795880431462
-33.96698349174588,2647.181769974533
-33.86693346673337,2632.6076995476233
-33.766883441720864,2618.0736691507336
-33.66683341670836,2603.579678783865
-33.56678339169585,2589.1257284470153
-33.46673336668334,2574.7118181401856
-33.366683341670836,2560.3379478633765
-33.26663331665833,2546.004117616587
-33.16658329164582,2531.7103273998177
-33.066533266633314,2517.4565772130686
-32.96648324162082,2503.2428670563413
-32.866433216608314,2489.0691969296317
-32.76638319159581,2474.9355668329426
-32.6663331665833,2460.8419767662735
-32.56628314157079,2446.788426729624
-32.466233116558286,2432.774916722995
-32.36618309154578,2418.8014467463854
-32.26613306653327,2404.868016799796
-32.166083041520764,2390.9746268832273
-32.06603301650826,2377.121276996678
-31.96598299149575,2363.307967140149
-31.865932966483243,2349.5346973136393
-31.765882941470736,2335.8014675171503
-31.66583291645823,2322.108277750681
-31.56578289144572,2308.4551280142323
-31.465732866433214,2294.842018307803
-31.36568284142072,2281.2689486313957
-31.265632816408214,2267.7359189850067
-31.165582791395707,2254.2429293686373
-31.0655327663832,2240.7899797822884
-30.965482741370693,2227.3770702259594
-30.865432716358185,2214.0042006996505
-30.76538269134568,2200.671371203361
-30.66533266633317,2187.378581737092
-30.565282641320664,2174.1258323008433
-30.465232616308157,2160.9131228946144
-30.36518259129565,2147.740453518405
-30.265132566283143,2134.607824172216
-30.165082541270635,2121.5152348560473
-30.06503251625813,2108.4626855698984
-29.96498249124562,2095.4501763137696
-29.864932466233114,2082.4777070876607
-29.76488244122062,2069.5452778915733
-29.664832416208114,2056.6528887255045
-29.564782391195607,2043.8005395894556
-29.4647323661831,2030.9882304834268
-29.364682341170592,2018.215961407418
-29.264632316158085,2005.4837323614292
-29.164582291145578,1992.7915433454602
-29.06453226613307,1980.1393943595115
-28.964482241120564,1967.5272854035825
-28.864432216108057,1954.9552164776737
-28.76438219109555,1942.423187581785
-28.664332166083042,1929.9311987159165
-28.564282141070535,1917.4792498800675
-28.464232116058028,1905.0673410742388
-28.36418209104552,1892.69547229843
-28.264132066033028,1880.3636435526432
-28.16408204102052,1868.0718548368743
-28.064032016008014,1855.8201061511259
-27.963981990995507,1843.6083974953972
-27.863931965983,1831.4367288696885
-27.763881940970492,1819.3051002739996
-27.663831915957985,1807.2135117083312
-27.563781890945478,1795.1619631726826
-27.46373186593297,1783.150454667054
-27.363681840920464,1771.1789861914453
-27.263631815907956,1759.2475577458567
-27.16358179089545,1747.3561693302881
-27.063531765882942,1735.5048209447395
-26.963481740870435,1723.693512589211
-26.863431715857928,1711.9222442637026
-26.76338169084542,1700.191015968214
-26.663331665832928,1688.499827702747
-26.56328164082042,1676.8486794672988
-26.463231615807913,1665.23757126187
-26.363181590795406,1653.6665030864615
-26.2631315657829,1642.1354749410732
-26.163081540770392,1630.644486825705
-26.063031515757885,1619.1935387403564
-25.962981490745378,1607.782630685028
-25.86293146573287,1596.4117626597194
-25.762881440720363,1585.0809346644312
-25.662831415707856,1573.7901466991625
-25.56278139069535,1562.5393987639143
-25.462731365682842,1551.328690858686
-25.362681340670335,1540.1580229834776
-25.262631315657828,1529.0273951382894
-25.16258129064532,1517.936807323121
-25.062531265632828,1506.8862595379744
-24.96248124062032,1495.8757517828462
-24.862431215607813,1484.9052840577376
-24.762381190595306,1473.9748563626495
-24.6623311655828,1463.0844686975813
-24.562281140570292,1452.2341210625332
-24.462231115557785,1441.4238134575048
-24.362181090545278,1430.6535458824965
-24.26213106553277,1419.9233183375084
-24.162081040520263,1409.2331308225403
-24.062031015507756,1398.582983337592
-23.96198099049525,1387.9728758826639
-23.861930965482742,1377.4028084577558
-23.761880940470235,1366.8727810628675
-23.661830915457728,1356.3827936979994
-23.56178089044522,1345.9328463631514
-23.461730865432727,1335.5229390583247
-23.36168084042022,1325.1530717835167
-23.261630815407713,1314.8232445387287
-23.161580790395206,1304.5334573239606
-23.0615307653827,1294.2837101392124
-22.96148074037019,1284.0740029844844
-22.861430715357685,1273.9043358597764
-22.761380690345177,1263.7747087650885
-22.66133066533267,1253.6851217004203
-22.561280640320163,1243.6355746657725
-22.461230615307656,1233.6260676611444
-22.36118059029515,1223.6566006865364
-22.26113056528264,1213.7271737419485
-22.161080540270135,1203.8377868273806
-22.061030515257627,1193.9884399428327
-21.960980490245134,1184.1791330883061
-21.860930465232627,1174.4098662637984
-21.76088044022012,1164.6806394693103
-21.660830415207613,1154.9914527048427
-21.560780390195106,1145.3423059703946
-21.4607303651826,1135.733199265967
-21.36068034017009,1126.164132591559
-21.260630315157584,1116.6351059471713
-21.160580290145077,1107.1461193328034
-21.06053026513257,1097.6971727484556
-20.960480240120063,1088.2882661941278
-20.860430215107556,1078.91939966982
-20.76038019009505,1069.5905731755324
-20.66033016508254,1060.3017867112646
-20.560280140070034,1051.0530402770169
-20.460230115057527,1041.8443338727893
-20.360180090045034,1032.6756674985827
-20.260130065032527,1023.5470411543951
-20.16008004002002,1014.4584548402274
-20.060030015007513,1005.4099085560797
-19.959979989995006,996.4014023019521
-19.8599299649825,987.4329360778445
-19.75987993996999,978.5045098837569
-19.659829914957484,969.6161237196892
-19.559779889944977,960.7677775856416
-19.45972986493247,951.9594714816141
-19.359679839919963,943.1912054076065
-19.259629814907456,934.462979363619
-19.15957978989495,925.7747933496514
-19.05952976488244,917.1266473657039
-18.959479739869934,908.5185414117764
-18.859429714857427,899.9504754878689
-18.759379689844934,891.4224495939826
-18.659329664832427,882.9344637301151
-18.55927963981992,874.4865178962676
-18.459229614807413,866.0786120924402
-18.359179589794905,857.7107463186327
-18.2591295647824,849.3829205748452
-18.15907953976989,841.0951348610779
-18.059029514757384,832.8473891773306
-17.958979489744877,824.6396835236031
-17.85892946473237,816.4720178998957
-17.758879439719863,808.3443923062083
-17.658829414707355,800.2568067425409
-17.55877938969485,792.2092612088936
-17.45872936468234,784.2017557052664
-17.358679339669834,776.234290231659
-17.258629314657327,768.3068647880718
-17.158579289644834,760.4194793745055
-17.058529264632327,752.5721339909583
-16.95847923961982,744.764828637431
-16.858429214607312,736.9975633139238
-16.758379189594805,729.2703380204365
-16.658329164582298,721.5831527569693
-16.55827913956979,713.9360075235221
-16.458229114557284,706.3289023200949
-16.358179089544777,698.7618371466878
-16.25812906453227,691.2348120033006
-16.158079039519762,683.7478268899333
-16.058029014507255,676.3008818065863
-15.957978989494748,668.8939767532592
-15.857928964482241,661.527111729952
-15.757878939469734,654.2002867366649
-15.657828914457241,646.9135017733988
-15.557778889444734,639.6667568401517
-15.457728864432227,632.4600519369246
-15.35767883941972,625.2933870637177
-15.257628814407212,618.1667622205306
-15.157578789394705,611.0801774073636
-15.057528764382198,604.0336326242166
-14.95747873936969,597.0271278710895
-14.857428714357184,590.0606631479825
-14.757378689344677,583.1342384548956
-14.65732866433217,576.2478537918287
-14.557278639319662,569.4015091587817
-14.457228614307155,562.5952045557547
-14.357178589294648,555.8289399827478
-14.25712856428214,549.1027154397609
-14.157078539269634,542.4165309267939
-14.05702851425714,535.770386443848
-13.956978489244634,529.1642819909212
-13.856928464232126,522.5982175680143
-13.75687843921962,516.0721931751275
-13.656828414207112,509.58620881226057
-13.556778389194605,503.14026447941376
-13.456728364182098,496.73436017658696
-13.35667833916959,490.3684959037802
-13.256628314157084,484.0426716609934
-13.156578289144576,477.7568874482266
-13.05652826413207,471.51114326547986
-12.956478239119562,465.3054391127531
-12.856428214107055,459.13977499004636
-12.756378189094548,453.0141508973596
-12.65632816408204,446.928566834693
-12.556278139069533,440.8830228020463
-12.45622811405704,434.87751879942044
-12.356178089044533,428.91205482681374
-12.256128064032026,422.9866308842271
-12.156078039019519,417.1012469716605
-12.056028014007012,411.2559030891138
-11.955977988994505,405.4505992365872
-11.855927963981998,399.6853354140806
-11.75587793896949,393.960111621594
-11.655827913956983,388.27492785912744
-11.555777888944476,382.6297841266809
-11.455727863931969,377.0246804242543
-11.355677838919462,371.45961675184776
-11.255627813906955,365.9345931094613
-11.155577788894448,360.44960949709474
-11.05552776388194,355.0046659147482
-10.955477738869433,349.59976236242176
-10.85542771385694,344.23489884011605
-10.755377688844433,338.91007534782955
-10.655327663831926,333.6252918855631
-10.555277638819419,328.3805484533167
-10.455227613806912,323.1758450510903
-10.355177588794405,318.0111816788839
-10.255127563781897,312.8865583366975
-10.15507753876939,307.8019750245311
-10.055027513756883,302.7574317423847
-9.954977488744376,297.75292849025834
-9.854927463731869,292.788465268152
-9.754877438719362,287.86404207606563
-9.654827413706855,282.9796589139993
-9.554777388694347,278.135315781953
-9.45472736368184,273.33101267992674
-9.354677338669347,268.5667496079211
-9.25462731365684,263.84252656593486
-9.154577288644333,259.1583435539686
-9.054527263631826,254.51420057202233
-8.954477238619319,249.9100976200961
-8.854427213606812,245.3460346981899
-8.754377188594304,240.8220118063037
-8.654327163581797,236.3380289444375
-8.55427713856929,231.8940861125913
-8.454227113556783,227.49018331076513
-8.354177088544276,223.126320538959
-8.254127063531769,218.80249779717283
-8.154077038519262,214.5187150854067
-8.054027013506754,210.2749724036606
-7.953976988494247,206.0712697519345
-7.85392696348174,201.90760713022843
-7.753876938469247,197.78398453854294
-7.65382691345674,193.70040197687686
-7.553776888444233,189.6568594452308
-7.453726863431726,185.65335694360476
-7.353676838419219,181.68989447199874
-7.2536268134067114,177.76647203041273
-7.153576788394204,173.88308961884672
-7.053526763381697,170.03974723730073
-6.95347673836919,166.23644488577474
-6.853426713356683,162.4731825642688
-6.753376688344176,158.74996027278286
-6.6533266633316686,155.0667780113169
-6.553276638319161,151.423635779871
-6.453226613306654,147.82053357844507
-6.353176588294147,144.2574714070392
-6.25312656328164,140.73444926565332
-6.153076538269147,137.25146715428792
-6.05302651325664,133.80852507294207
-5.952976488244133,130.40562302161624
-5.852926463231626,127.04276100031039
-5.752876438219118,123.71993900902457
-5.652826413206611,120.43715704775876
-5.552776388194104,117.19441511651297
-5.452726363181597,113.99171321528718
-5.35267633816909,110.82905134408142
-5.252626313156583,107.70642950289566
-5.1525762881440755,104.6238476917299
-5.052526263131568,101.58130591058418
-4.952476238119061,98.57880415945847
-4.852426213106554,95.61634243835277
-4.752376188094047,92.69392074726707
-4.65232616308154,89.8115390862014
-4.552276138069047,86.96919745515615
-4.45222611305654,84.16689585413049
-4.3521760880440326,81.40463428312484
-4.252126063031525,78.6824127421392
-4.152076038019018,76.0002312311736
-4.052026013006511,73.358089750228
-3.951975987994004,70.7559882993024
-3.851925962981497,68.19392687839684
-3.7518759379689897,65.67190548751127
-3.6518259129564825,63.18992412664572
-3.5517758879439754,60.74798279580018
-3.451725862931468,58.346081494974655
-3.351675837918961,55.98422022416915
-3.251625812906454,53.66239898338365
-3.1515757878939468,51.380617772618166
-3.051525762881454,49.138876591873014
-2.9514757378689467,46.93717544114755
-2.8514257128564395,44.7755143204421
-2.7513756878439324,42.65389322975667
-2.6513256628314252,40.57231216909125
-2.551275637818918,38.530771138445836
-2.451225612806411,36.52927013782044
-2.351175587793904,34.56780916721506
-2.2511255627813966,32.64638822662968
-2.1510755377688895,30.765007316064327
-2.0510255127563823,28.923666435518985
-1.9509754877438752,27.122365584993656
-1.850925462731368,25.36110476448834
-1.750875437718861,23.639883974003034
-1.6508254127063537,21.958703213537746
-1.5507753876938466,20.317562483092466
-1.4507253626813537,18.716461782667427
-1.3506753376688465,17.15540111226217
-1.2506253126563394,15.634380471876927
-1.1505752876438322,14.153399861511696
-1.050525262631325,12.71245928116648
-0.9504752376188179,11.311558730841275
-0.8504252126063108,9.950698210536085
-0.7503751875938036,8.629877720250908
-0.6503251625812965,7.349097259985744
-0.5502751375687893,6.108356829740593
-0.45022511255628217,4.907656429515455
-0.350175087543775,3.746996059310331
-0.25012506253126787,2.62637571912522
-0.15007503751876072,1.545795408960122
-0.050025012506253574,0.5052551288150374
0.050025012506253574,-0.49524512131003406
0.1500750375187465,-1.4557053414149588
0.25012506253125366,-2.3761255315000094
0.3501750875437608,-3.256505691565047
0.45022511255626796,-4.096845821610072
0.5502751375687751,-4.897145921635082
0.6503251625812823,-5.65740599164008
0.7503751875937894,-6.377626031625065
0.8504252126062966,-7.057806041590036
0.9504752376188037,-7.697946021534994
1.0505252626313109,-8.298045971459938
1.150575287643818,-8.858105891364872
1.2506253126563251,-9.37812578124979
1.3506753376688323,-9.858105641114694
1.4507253626813394,-10.298045470959586
1.5507753876938466,-10.697945270784466
1.6508254127063537,-11.057805040589331
1.7508754377188467,-11.377624780374141
1.8509254627313538,-11.657404490138987
1.950975487743861,-11.897144169883816
2.051025512756368,-12.096843819608635
2.1510755377688753,-12.256503439313441
2.2511255627813824,-12.376123028998233
2.3511755877938896,-12.455702588663012
2.4512256128063967,-12.495242118307777
2.551275637818904,-12.49474161793253
2.651325662831411,-12.454201087537268
2.751375687843918,-12.373620527121995
2.8514257128564253,-12.252999936686706
2.9514757378689325,-12.092339316231406
3.0515257628814396,-11.89163866575609
3.1515757878939468,-11.650897985260766
3.2516258129064397,-11.370117274745468
3.351675837918947,-11.049296534210118
3.451725862931454,-10.68843576365476
3.551775887943961,-10.287534963079384
3.6518259129564683,-9.846594132483997
3.7518759379689754,-9.365613271868597
3.8519259629814826,-8.84459238123318
3.9519759879939897,-8.283531460577755
4.052026013006497,-7.682430509902318
4.152076038019004,-7.041289529206864
4.252126063031511,-6.360108518491394
4.352176088044018,-5.638887477755915
4.4522261130565255,-4.87762640700042
4.552276138069033,-4.076325306224916
4.65232616308154,-3.234984175429396
4.752376188094047,-2.35360301461386
4.85242621310654,-1.4321818237784498
4.952476238119047,-0.47072060292289564
5.052526263131554,0.5307806479526747
5.152576288144061,1.572321928848254
5.2526263131565685,2.6539032397638493
5.352676338169076,3.7755245806994537
5.452726363181583,4.937185951655074
5.55277638819409,6.138887352630704
5.652826413206597,7.380628783626349
5.752876438219104,8.662410244642018
5.852926463231611,9.984231735677682
5.9529764882441185,11.346093256733369
6.053026513256626,12.747994807809064
6.153076538269133,14.189936388904783
6.25312656328164,15.671918000020511
6.353176588294147,17.19393964115625
6.45322661330664,18.756001312311767
6.553276638319147,20.358103013487536
6.653326663331654,22.0002447446833
6.7533766883441615,23.682426505899087
6.853426713356669,25.404648297134898
6.953476738369176,27.166910118390703
7.053526763381683,28.96921196966653
7.15357678839419,30.81155385096237
7.253626813406697,32.693935762278215
7.353676838419204,34.616357703614085
7.4537268634317115,36.578819674969964
7.553776888444219,38.58132167634585
7.653826913456726,40.62386370774176
7.753876938469233,42.70644576915768
7.85392696348174,44.82906786059361
7.953976988494247,46.99172998204956
8.05402701350674,49.1944321335252
8.154077038519247,51.43717431502117
8.254127063531755,53.719956526537146
8.354177088544262,56.042778768073134
8.454227113556769,58.40564103962913
8.554277138569276,60.808543341205166
8.654327163581783,63.25148567280118
8.75437718859429,65.73446803441723
8.854427213606797,68.2574904260533
8.954477238619305,70.82055284770937
9.054527263631812,73.42365529938544
9.154577288644319,76.06679778108156
9.254627313656826,78.74998029279766
9.354677338669333,81.4732028345338
9.45472736368184,84.23646540628991
9.554777388694333,87.03976800806566
9.65482741370684,89.88311063986183
9.754877438719348,92.766493301678
9.854927463731855,95.68991599351418
9.954977488744362,98.6533787153704
10.055027513756869,101.65688146724659
10.155077538769376,104.70042424914283
10.255127563781883,107.78400706105904
10.35517758879439,110.9076299029953
10.455227613806898,114.07129277495156
10.555277638819405,117.27499567692786
10.655327663831912,120.51873860892414
10.755377688844419,123.80252157094046
10.855427713856926,127.12634456297675
10.955477738869433,130.4902075850331
11.05552776388194,133.89411063710943
11.155577788894433,137.3380537192053
11.25562781390694,140.82203683132167
11.355677838919448,144.34605997345804
11.455727863931955,147.91012314561445
11.555777888944462,151.5142263477908
11.65582791395697,155.15836957998724
11.755877938969476,158.84255284220367
11.855927963981983,162.56677613444012
11.95597798899449,166.33103945669657
12.056028014006998,170.13534280897304
12.156078039019505,173.9796861912695
12.256128064032012,177.86406960358605
12.35617808904452,181.78849304592254
12.456228114057026,185.75295651827903
12.556278139069533,189.7574600206556
12.65632816408204,193.80200355305217
12.756378189094534,197.8865871154681
12.85642821410704,202.0112107079047
12.956478239119548,206.1758743303613
13.056528264132055,210.3805779828379
13.156578289144562,214.62532166533447
13.25662831415707,218.9101053778511
13.356678339169576,223.23492912038773
13.456728364182084,227.59979289294438
13.55677838919459,232.00469669552103
13.656828414207098,236.44964052811775
13.756878439219605,240.93462439073443
13.856928464232112,245.4596482833711
13.95697848924462,250.02471220602786
14.057028514257127,254.62981615870456
14.157078539269634,259.2749601414013
14.25712856428214,263.96014415411804
14.357178589294634,268.68536819685414
14.457228614307141,273.450632269611
14.557278639319648,278.25593637238774
14.657328664332155,283.1012805051845
14.757378689344662,287.98666466800137
14.85742871435717,292.91208886083814
14.957478739369677,297.87755308369503
15.057528764382184,302.8830573365718
15.157578789394691,307.92860161946874
15.257628814407198,313.01418593238566
15.357678839419705,318.1398102753225
15.457728864432212,323.3054746482794
15.55777888944472,328.51117905125636
15.657828914457227,333.7569234842533
15.757878939469734,339.0427079472702
15.857928964482227,344.3685324403064
15.957978989494734,349.7343969633634
16.05802901450724,355.1403015164404
16.158079039519748,360.58624609953733
16.258129064532255,366.0722307126544
16.358179089544763,371.59825535579137
16.45822911455727,377.16432002894845
16.558279139569777,382.77042473212543
16.658329164582284,388.41656946532254
16.75837918959479,394.10275422853965
16.8584292146073,399.82897902177666
16.958479239619805,405.5952438450338
17.058529264632313,411.40154869831093
17.15857928964482,417.2478935816081
17.258629314657327,423.13427849492524
17.358679339669834,429.0607034382623
17.458729364682327,435.02716841161873
17.558779389694834,441.03367341499586
17.65882941470734,447.0802184483931
17.75887943971985,453.16680351181014
17.858929464732356,459.2934286052475
17.958979489744863,465.4600937287047
18.05902951475737,471.666798882182
18.159079539769877,477.91354406567916
18.259129564782384,484.20032927919647
18.35917958979489,490.52715452273367
18.4592296148074,496.894019796291
18.559279639819906,503.3009250998683
18.659329664832413,509.74787043346566
18.75937968984492,516.2348557970829
18.859429714857427,522.7618811907204
18.959479739869934,529.3289466143776
19.059529764882427,535.9360520680541
19.159579789894934,542.5831975517515
19.25962981490744,549.2703830654689
19.35967983991995,555.9976086092063
19.459729864932456,562.7648741829637
19.559779889944963,569.5721797867411
19.65982991495747,576.4195254205385
19.759879939969977,583.306911084356
19.859929964982484,590.2343367781936
19.95997998999499,597.2018025020509
20.0600300150075,604.2093082559285
20.160080040020006,611.2568540398261
20.260130065032513,618.3444398537436
20.36018009004502,625.472065697681
20.460230115057527,632.6397315716387
20.560280140070034,639.8474374756163
20.660330165082527,647.0951834096127
20.760380190095034,654.3829693736303
20.86043021510754,661.7107953676679
20.96048024012005,669.0786613917255
21.060530265132556,676.4865674458032
21.160580290145063,683.9345135299009
21.26063031515757,691.4224996440184
21.360680340170077,698.9505257881561
21.460730365182584,706.5185919623137
21.56078039019509,714.1266981664916
21.6608304152076,721.7748444006892
21.760880440220106,729.4630306649069
21.860930465232613,737.1912569591447
21.96098049024512,744.9595232834024
22.061030515257627,752.7678296376802
22.16108054027012,760.6161760219768
22.261130565282627,768.5045624362947
22.361180590295135,776.4329888806324
22.46123061530764,784.4014553549903
22.56128064032015,792.409961859368
22.661330665332656,800.4585083937657
22.761380690345163,808.5470949581836
22.86143071535767,816.6757215526216
22.961480740370178,824.8443881770794
23.061530765382685,833.0530948315572
23.161580790395192,841.3018415160552
23.2616308154077,849.5906282305732
23.361680840420206,857.9194549751111
23.461730865432713,866.288321749669
23.56178089044522,874.697228554247
23.661830915457728,883.146175388845
23.76188094047022,891.6351622534617
23.861930965482728,900.1641891480997
23.961980990495235,908.7332560727576
24.062031015507742,917.3423630274357
24.16208104052025,925.9915100121336
24.262131065532756,934.6806970268517
24.362181090545263,943.4099240715897
24.46223111555777,952.1791911463478
24.562281140570278,960.988498251126
24.662331165582785,969.8378453859241
24.762381190595292,978.7272325507421
24.8624312156078,987.6566597455802
24.962481240620306,996.6261269704382
25.062531265632813,1005.6356342253166
25.16258129064532,1014.6851815102146
25.262631315657828,1023.7747688251328
25.36268134067032,1032.9043961700697
25.462731365682828,1042.074063545028
25.562781390695335,1051.283770950006
25.662831415707842,1060.5335183850043
25.76288144072035,1069.8233058500225
25.862931465732856,1079.1531333450607
25.962981490745364,1088.523000870119
26.06303151575787,1097.9329084251974
26.163081540770378,1107.3828560102957
26.263131565782885,1116.8728436254137
26.363181590795392,1126.4028712705522
26.4632316158079,1135.9729389457104
26.563281640820406,1145.583046650889
26.663331665832914,1155.2331943860872
26.76338169084542,1164.9233821513055
26.863431715857928,1174.653609946544
26.96348174087042,1184.423877771801
27.063531765882928,1194.2341856270793
27.163581790895435,1204.0845335123777
27.263631815907942,1213.9749214276962
27.36368184092045,1223.9053493730348
27.463731865932957,1233.875817348393
27.563781890945464,1243.8863253537716
27.66383191595797,1253.9368733891702
27.763881940970478,1264.0274614545883
27.863931965982985,1274.158089550027
27.963981990995492,1284.3287576754856
28.064032016007985,1294.5394658309626
28.164082041020492,1304.790214016461
28.264132066033,1315.0810022319797
28.364182091045507,1325.4118304775184
28.464232116058014,1335.7826987530768
28.56428214107052,1346.1936070586555
28.664332166083028,1356.644555394254
28.764382191095535,1367.1355437598727
28.864432216108042,1377.6665721555112
28.96448224112055,1388.23764058117
29.064532266133057,1398.8487490368486
29.164582291145564,1409.4998975225471
29.26463231615807,1420.191086038266
29.364682341170578,1430.9223145840047
29.464732366183085,1441.6935831597634
29.564782391195592,1452.5048917655422
29.6648324162081,1463.3562404013408
29.764882441220607,1474.2476290671596
29.864932466233114,1485.1790577629984
29.96498249124562,1496.150526488857
30.06503251625813,1507.1620352447358
30.165082541270635,1518.2135840306346
30.265132566283143,1529.3051728465534
30.36518259129565,1540.4368016924923
30.465232616308157,1551.6084705684511
30.565282641320664,1562.82017947443
30.66533266633317,1574.0719284104289
30.76538269134568,1585.3637173764478
30.865432716358157,1596.6955463724835
30.965482741370664,1608.0674153985422
31.06553276638317,1619.4793244546213
31.16558279139568,1630.9312735407202
31.265632816408186,1642.4232626568391
31.365682841420693,1653.9552918029779
31.4657328664332,1665.527360979137
31.565782891445707,1677.139470185316
31.665832916458214,1688.791619421515
31.76588294147072,1700.483808687734
31.86593296648323,1712.216037983973
31.965982991495736,1723.9883073102321
32.06603301650824,1735.800616666511
32.16608304152075,1747.6529660528101
32.26613306653326,1759.545355469129
32.366183091545764,1771.4777849154682
32.46623311655827,1783.4502543918275
32.56628314157078,1795.4627638982065
32.666333166583286,1807.5153134346053
32.76638319159579,1819.6079030010246
32.8664332166083,1831.7405325974637
32.96648324162081,1843.913202223923
33.066533266633314,1856.1259118804023
33.16658329164582,1868.3786615669012
33.26663331665833,1880.6714512834205
33.366683341670836,1893.0042810299597
33.46673336668334,1905.377150806519
33.56678339169585,1917.7900606130984
33.66683341670836,1930.2430104496975
33.766883441720864,1942.7360003163164
33.86693346673337,1955.2690302129558
33.96698349174588,1967.8421001396152
34.06703351675836,1980.4552100962912
34.167083541770864,1993.1083600829907
34.26713356678337,2005.8015500997094
34.36718359179588,2018.5347801464488
34.467233616808386,2031.3080502232083
34.56728364182089,2044.1213603299875
34.6673336668334,2056.974710466787
34.76738369184591,2069.8681006336064
34.867433716858415,2082.8015308304457
34.96748374187092,2095.7750010573054
35.06753376688343,2108.7885113141847
35.167583791895936,2121.8420616010844
35.26763381690844,2134.9356519180037
35.36768384192095,2148.069282264943
35.46773386693346,2161.242952641903
35.567783891945965,2174.456663048882
35.66783391695847,2187.7104134858814
35.76788394197098,2201.004203952901
35.867933966983486,2214.3380344499406
35.96798399199599,2227.711904977
36.0680340170085,2241.1258155340797
36.16808404202101,2254.579766121179
36.268134067033515,2268.073756738299
36.36818409204602,2281.6077873854383
36.46823411705853,2295.1818580625977
36.568284142071036,2308.7959687697776
36.66833416708354,2322.4501195069774
36.76838419209605,2336.144310274197
36.86843421710856,2349.8785410714368
36.968484242121065,2363.652811898696
37.06853426713357,2377.467122755976
37.16858429214605,2391.321473643272
37.26863431715856,2405.2158645605914
37.368684342171065,2419.150295507931
37.46873436718357,2433.124766485291
37.56878439219608,2447.1392774926708
37.668834417208586,2461.1938285300703
37.76888444222109,2475.2884195974902
37.8689344672336,2489.4230506949298
37.96898449224611,2503.5977218223898
38.069034517258615,2517.8124329798698
38.16908454227112,2532.0671841673693
38.26913456728363,2546.3619753848893
38.369184592296136,2560.696806632429
38.46923461730864,2575.0716779099894
38.56928464232115,2589.486589217569
38.66933466733366,2603.9415405551686
38.769384692346165,2618.4365319227886
38.86943471735867,2632.9715633204287
38.96948474237118,2647.5466347480883
39.069534767383686,2662.1617462057684
39.16958479239619,2676.8168976934685
39.2696348174087,2691.512089211188
39.36968484242121,2706.2473207589283
39.469734867433715,2721.0225923366884
39.56978489244622,2735.8379039444685
39.66983491745873,2750.693255582268
39.769884942471236,2765.5886472500883
39.86993496748374,2780.5240789479285
39.96998499249625,2795.4995506757887
40.07003501750876,2810.5150624336684
40.170085042521265,2825.5706142215686
40.27013506753377,2840.6662060394888
40.37018509254625,2855.8018378874244
40.47023511755876,2870.977509765385
40.570285142571265,2886.193221673365
40.67033516758377,2901.4489736113646
40.77038519259628,2916.7447655793853
40.87043521760879,2932.080597577425
40.970485242621294,2947.456469605486
41.0705352676338,2962.8723816635656
41.17058529264631,2978.328333751666
41.270635317658815,2993.824325869786
41.37068534267132,3009.3603580179265
41.47073536768383,3024.9364301960863
41.57078539269634,3040.552542404267
41.670835417708844,3056.208694642467
41.77088544272135,3071.9048869106873
41.87093546773386,3087.6411192089276
41.970985492746365,3103.417391537188
42.07103551775887,3119.2337038954684
42.17108554277138,3135.0900562837687
42.27113556778389,3150.986448702089
42.371185592796394,3166.9228811504295
42.4712356178089,3182.89935362879
42.57128564282141,3198.9158661371703
42.671335667833915,3214.9724186755707
42.77138569284642,3231.069011243991
42.87143571785893,3247.2056438424315
42.97148574287144,3263.382316470892
43.071535767883944,3279.5990291293724
43.17158579289645,3295.855781817873
43.27163581790896,3312.1525745363933
43.371685842921465,3328.489407284934
43.471735867933944,3344.8662800634893
43.57178589294645,3361.2831928720702
43.67183591795896,3377.7401457106707
43.771885942971466,3394.2371385792917
43.87193596798397,3410.7741714779318
43.97198599299648,3427.3512444065923
44.07203601800899,3443.9683573652733
44.172086043021494,3460.6255103539734
44.272136068034,3477.3227033726944
44.37218609304651,3494.059936421435
44.472236118059016,3510.8372095001955
44.57228614307152,3527.654522608976
44.67233616808403,3544.5118757477767
44.77238619309654,3561.4092689165973
44.872436218109044,3578.3467021154383
44.97248624312155,3595.324175344299
45.07253626813406,3612.341688603179
45.172586293146566,3629.39924189208
45.27263631815907,3646.4968352110013
45.37268634317158,3663.634468559942
45.47273636818409,3680.8121419389026
45.572786393196594,3698.029855347883
45.6728364182091,3715.287608786884
45.77288644322161,3732.585402255905
45.872936468234116,3749.9232357549463
45.97298649324662,3767.3011092840065
46.07303651825913,3784.7190228430873
46.17308654327164,3802.176976432189
46.273136568284144,3819.6749700513096
46.37318659329665,3837.21300370045
46.47323661830916,3854.791077379611
46.573286643321666,3872.4091910887914
46.673336668334144,3890.067344827988
46.77338669334665,3907.7655385972084
46.87343671835916,3925.5037723964497
46.973486743371666,3943.282046225711
47.07353676838417,3961.100360084992
47.17358679339668,3978.9587139742926
47.27363681840919,3996.8571078936134
47.373686843421694,4014.795541842955
47.4737368684342,4032.774015822316
47.57378689344671,4050.792529831697
47.673836918459216,4068.8510838710977
47.77388694347172,4086.949677940519
47.87393696848423,4105.08831203996
47.97398699349674,4123.266986169421
48.074037018509244,4141.485700328902
48.17408704352175,4159.7444545184035
48.27413706853426,4178.043248737925
48.374187093546766,4196.382082987465
48.47423711855927,4214.760957267026
48.57428714357178,4233.179871576608
48.67433716858429,4251.638825916209
48.774387193596795,4270.1378202858305
48.8744372186093,4288.676854685472
48.97448724362181,4307.255929115132
49.074537268634316,4325.875043574813
49.17458729364682,4344.534198064515
49.27463731865933,4363.233392584236
49.37468734367184,4381.972627133978
49.474737368684345,4400.751901713739
49.57478739369685,4419.57121632352
49.67483741870936,4438.430570963321
49.77488744372184,4457.329965633137
49.874937468734345,4476.269400332979
49.97498749374685,4495.24887506284
50.07503751875936,4514.2683898227215
50.175087543771866,4533.327944612623
50.27513756878437,4552.427539432544
50.37518759379688,4571.567174282485
50.47523761880939,4590.746849162447
50.575287643821895,4609.966564072429
50.6753376688344,4629.2263190124295
50.77538769384691,4648.5261139824515
50.875437718859416,4667.865948982493
50.97548774387192,4687.245824012553
51.07553776888443,4706.665739072636
51.17558779389694,4726.125694162737
51.275637818909445,4745.625689282859
51.37568784392195,4765.165724433
51.47573786893446,4784.745799613162
51.575787893946966,4804.365914823344
51.67583791895947,4824.0260700635445
51.77588794397198,4843.726265333767
51.87593796898449,4863.466500634008
51.975987993996995,4883.24677596427
52.0760380190095,4903.067091324551
52.17608804402201,4922.927446714853
52.276138069034516,4942.827842135174
52.37618809404702,4962.768277585516
52.47623811905953,4982.748753065878
52.57628814407204,5002.7692685762595
52.676338169084545,5022.829824116661
52.77638819409705,5042.9304196870835
52.87643821910956,5063.071055287524
52.97648824412204,5083.25173091798
53.076538269134545,5103.472446578462
53.17658829414705,5123.733202268964
53.27663831915956,5144.033997989485
53.37668834417207,5164.3748337400275
53.476738369184574,5184.755709520589
53.57678839419708,5205.176625331172
53.67683841920959,5225.637581171773
53.776888444222095,5246.138577042395
53.8769384692346,5266.679612943037
53.97698849424711,5287.260688873698
54.07703851925962,5307.88180483438
54.177088544272124,5328.542960825082
54.27713856928463,5349.244156845803
54.37718859429714,5369.985392896546
54.477238619309645,5390.766668977309
54.57728864432215,5411.58798508809
54.67733866933466,5432.449341228892
54.77738869434717,5453.350737399714
54.877438719359674,5474.2921736005555
54.97748874437218,5495.273649831418
55.07753876938469,5516.2951660923
55.177588794397195,5537.356722383202
55.2776388194097,5558.4583187041235
55.37768884442221,5579.599955055066
55.47773886943472,5600.781631436028
55.577788894447224,5622.0033478470095
55.67783891945973,5643.2651042880125
55.77788894447224,5664.566900759034
55.877938969484745,5685.908737260077
55.97798899449725,5707.290613791139
56.07803901950973,5728.712530352214
56.17808904452224,5750.174486943317
56.278139069534745,5771.676483564439
56.37818909454725,5793.218520215581
56.47823911955976,5814.800596896744
56.57828914457227,5836.422713607926
56.678339169584774,5858.084870349127
56.77838919459728,5879.78706712035
56.87843921960979,5901.529303921592
56.978489244622295,5923.311580752854
57.0785392696348,5945.133897614137
57.17858929464731,5966.996254505439
57.27863931965982,5988.898651426761
57.378689344672324,6010.841088378103
57.47873936968483,6032.823565359466
57.57878939469734,6054.846082370848
57.678839419709846,6076.9086394122505
57.77888944472235,6099.011236483673
57.87893946973486,6121.153873585115
57.97898949474737,6143.336550716577
58.079039519759874,6165.5592678780595
58.17908954477238,6187.822025069561
58.27913956978489,6210.1248222910845
58.379189594797396,6232.467659542627
58.4792396198099,6254.8505368241895
58.57928964482241,6277.273454135771
58.67933966983492,6299.7364114773745
58.779389694847424,6322.239408848997
58.87943971985993,6344.782446250639
58.97948974487244,6367.3655236823015
59.079539769884946,6389.988641143985
59.17958979489745,6412.651798635687
59.27963981990993,6435.354996157403
59.37968984492244,6458.0982337091455
59.479739869934946,6480.881511290909
59.57978989494745,6503.704828902692
59.67983991995996,6526.568186544493
59.77988994497247,6549.471584216316
59.879939969984974,6572.415021918159
59.97998999499748,6595.398499650021
60.08004002000999,6618.422017411904
60.180090045022496,6641.485575203807
60.280140070035,6664.589173025729
60.38019009504751,6687.732810877672
60.48024012006002,6710.916488759634
60.580290145072524,6734.140206671617
60.68034017008503,6757.40396461362
60.78039019509754,6780.707762585643
60.880440220110046,6804.051600587685
60.98049024512255,6827.435478619748
61.08054027013506,6850.859396681831
61.18059029514757,6874.323354773935
61.280640320160074,6897.827352896056
61.38069034517258,6921.371391048199
61.48074037018509,6944.955469230363
61.580790395197596,6968.579587442545
61.6808404202101,6992.243745684748
61.78089044522261,7015.947943956971
61.88094047023512,7039.692182259213
61.980990495247624,7063.476460591476
62.08104052026013,7087.30077895376
62.18109054527264,7111.165137346062
62.281140570285146,7135.069535768385
62.381190595297625,7159.013974220721
62.48124062031013,7182.998452703085
62.58129064532264,7207.022971215467
62.681340670335146,7231.0875297578705
62.78139069534765,7255.192128330294
62.88144072036016,7279.336766932736
62.98149074537267,7303.521445565199
63.081540770385175,7327.746164227682
63.18159079539768,7352.010922920184
63.28164082041019,7376.315721642708
63.381690845422696,7400.660560395251
63.4817408704352,7425.045439177815
63.58179089544771,7449.470357990397
63.68184092046022,7473.935316833001
63.781890945472725,7498.440315705624
63.88194097048523,7522.985354608267
63.98199099549774,7547.57043354093
64.08204102051025,7572.195552503614
64.18209104552275,7596.860711496316
64.28214107053526,7621.56591051904
64.38219109554777,7646.311149571782
64.48224112056027,7671.096428654546
64.58229114557278,7695.921747767329
64.68234117058529,7720.787106910133
64.7823911955978,7745.692506082954
64.8824412206103,7770.637945285799
64.98249124562281,7795.623424518662
65.08254127063532,7820.648943781546
65.18259129564782,7845.714503074448
65.28264132066033,7870.8201023973725
65.38269134567284,7895.965741750316
65.48274137068535,7921.151421133279
65.58279139569783,7946.377140546254
65.68284142071033,7971.642899989259
65.78289144572284,7996.948699462282
65.88294147073535,8022.294538965325
65.98299149574785,8047.680418498389
66.08304152076036,8073.106338061472
66.18309154577287,8098.572297654575
66.28314157078538,8124.078297277699
66.38319159579788,8149.624336930843
66.48324162081039,8175.210416614005
66.5832916458229,8200.83653632719
66.6833416708354,8226.502696070393
66.78339169584791,8252.208895843616
66.88344172086042,8277.95513564686
66.98349174587293,8303.741415480123
67.08354177088543,8329.567735343406
67.18359179589794,8355.434095236711
67.28364182091045,8381.340495160033
67.38369184592295,8407.286935113378
67.48374187093546,8433.27341509674
67.58379189594797,8459.299935110124
67.68384192096048,8485.366495153528
67.78389194597298,8511.473095226953
67.88394197098549,8537.619735330396
67.983991995998,8563.806415463858
68.0840420210105,8590.033135627344
68.18409204602301,8616.299895820846
68.28414207103552,8642.606696044371
68.38419209604803,8668.953536297915
68.48424212106053,8695.340416581477
68.58429214607304,8721.76733689506
68.68434217108552,8748.234297238658
68.78439219609803,8774.741297612281
68.88444222111053,8801.288338015926
68.98449224612304,8827.875418449588
69.08454227113555,8854.502538913272
69.18459229614805,8881.169699406977
69.28464232116056,8907.876899930701
69.38469234617307,8934.624140484444
69.48474237118558,8961.41142106821
69.58479239619808,8988.238741681991
69.68484242121059,9015.106102325795
69.7848924462231,9042.01350299962
69.8849424712356,9068.960943703463
69.98499249624811,9095.948424437327
70.08504252126062,9122.975945201211
70.18509254627313,9150.043505995116
70.28514257128563,9177.151106819041
70.38519259629814,9204.298747672983
70.48524262131065,9231.486428556947
70.58529264632315,9258.714149470932
70.68534267133566,9285.981910414936
70.78539269634817,9313.28971138896
70.88544272136068,9340.637552393004
70.98549274637318,9368.025433427068
71.08554277138569,9395.453354491152
71.1855927963982,9422.921315585256
71.2856428214107,9450.42931670938
71.38569284642321,9477.977357863523
71.48574287143572,9505.565439047688
71.58579289644823,9533.193560261872
71.68584292146073,9560.861721506075
71.78589294647324,9588.569922780302
71.88594297148572,9616.318164084536
71.98599299649823,9644.106445418802
72.08604302151073,9671.934766783086
72.18609304652324,9699.80312817739
72.28614307153575,9727.711529601715
72.38619309654825,9755.659971056059
72.48624312156076,9783.648452540421
72.58629314657327,9811.676974054806
72.68634317158578,9839.745535599212
72.78639319659828,9867.854137173634
72.88644322161079,9896.00277877808
72.9864932466233,9924.191460412543
73.0865432716358,9952.420182077027
73.18659329664831,9980.688943771533
73.28664332166082,10008.997745496057
73.38669334667333,10037.3465872506
73.48674337168583,10065.735469035166
73.58679339669834,10094.16439084975
73.68684342171085,10122.633352694353
73.78689344672335,10151.14235456898
73.88694347173586,10179.691396473623
73.98699349674837,10208.280478408287
74.08704352176088,10236.909600372972
74.18709354677338,10265.578762367675
74.28714357178589,10294.287964392399
74.3871935967984,10323.037206447145
74.4872436218109,10351.82648853191
74.58729364682341,10380.655810646693
74.68734367183592,10409.525172791498
74.78739369684843,10438.434574966323
74.88744372186093,10467.384017171167
74.98749374687341,10496.373499406023
75.08754377188592,10525.403021670907
75.18759379689843,10554.472583965813
75.28764382191093,10583.582186290738
75.38769384692344,10612.731828645681
75.48774387193595,10641.921511030647
75.58779389694845,10671.151233445631
75.68784392196096,10700.420995890636
75.78789394697347,10729.730798365661
75.88794397198598,10759.080640870705
75.98799399699848,10788.47052340577
76.08804402201099,10817.900445970856
76.1880940470235,10847.37040856596
76.288144072036,10876.880411191083
76.38819409704851,10906.43045384623
76.48824412206102,10936.020536531394
76.58829414707353,10965.650659246578
76.68834417208603,10995.320821991783
76.78839419709854,11025.031024767008
76.88844422211105,11054.781267572253
76.98849424712355,11084.571550407518
77.08854427213606,11114.401873272802
77.18859429714857,11144.272236168108
77.28864432216108,11174.182639093433
77.38869434717358,11204.133082048776
77.48874437218609,11234.123565034142
77.5887943971986,11264.154088049527
77.6888444222111,11294.224651094932
77.78889444722361,11324.335254170357
77.88894447223612,11354.485897275801
77.98899449724863,11384.676580411266
78.08904452226113,11414.907303576752
78.18909454727361,11445.178066772249
78.28914457228612,11475.488869997775
78.38919459729863,11505.83971325332
78.48924462231113,11536.230596538882
78.58929464732364,11566.661519854468
78.68934467233615,11597.132483200074
78.78939469734865,11627.643486575698
78.88944472236116,11658.194529981341
78.98949474737367,11688.785613417009
79.08954477238618,11719.416736882693
79.18959479739868,11750.0879003784
79.28964482241119,11780.799103904124
79.3896948474237,11811.550347459868
79.4897448724362,11842.341631045634
79.58979489744871,11873.172954661419
79.68984492246122,11904.044318307224
79.78989494747373,11934.95572198305
79.88994497248623,11965.907165688895
79.98999499749874,11996.898649424758
80.09004502251125,12027.930173190645
80.19009504752376,12059.00173698655
80.29014507253626,12090.113340812475
80.39019509754877,12121.264984668422
80.49024512256128,12152.456668554385
80.59029514757378,12183.68839247037
80.69034517258629,12214.960156416377
80.7903951975988,12246.271960392402
80.8904452226113,12277.623804398447
80.99049524762381,12309.015688434512
81.09054527263632,12340.447612500599
81.19059529764883,12371.919576596703
81.2906453226613,12403.43158072282
81.39069534767381,12434.983624878965
81.49074537268632,12466.575709065131
81.59079539769883,12498.207833281316
81.69084542271133,12529.879997527521
81.79089544772384,12561.592201803747
81.89094547273635,12593.344446109992
81.99099549774886,12625.136730446256
82.09104552276136,12656.969054812544
82.19109554777387,12688.841419208848
82.29114557278638,12720.753823635174
82.39119559779888,12752.70626809152
82.49124562281139,12784.698752577884
82.5912956478239,12816.73127709427
82.6913456728364,12848.803841640676
82.79139569784891,12880.916446217101
82.89144572286142,12913.069090823547
82.99149574787393,12945.261775460014
83.09154577288643,12977.494500126499
83.19159579789894,13009.767264823004
83.29164582291145,13042.08006954953
83.39169584792396,13074.432914306075
83.49174587293646,13106.82579909264
83.59179589794897,13139.258723909226
83.69184592296148,13171.731688755832
83.79189594797398,13204.24469363246
83.89194597298649,13236.797738539104
83.991995997999,13269.39082347577
84.0920460230115,13302.023948442456
84.19209604802401,13334.69711343916
84.29214607303652,13367.410318465887
84.39219609804903,13400.163563522634
84.4922461230615,13432.956848609389
84.59229614807401,13465.790173726175
84.69234617308652,13498.663538872981
84.79239619809903,13531.576944049806
84.89244622311153,13564.530389256652
84.99249624812404,13597.523874493518
85.09254627313655,13630.557399760404
85.19259629814906,13663.63096505731
85.29264632316156,13696.744570384237
85.39269634817407,13729.898215741181
85.49274637318658,13763.091901128148
85.59279639819908,13796.325626545133
85.69284642321159,13829.599391992138
85.7928964482241,13862.913197469166
85.8929464732366,13896.267042976211
85.99299649824911,13929.660928513276
86.09304652326162,13963.094854080364
86.19309654827413,13996.56881967747
86.29314657328663,14030.082825304595
86.39319659829914,14063.636870961742
86.49324662331165,14097.230956648908
86.59329664832416,14130.865082366094
86.69334667333666,14164.5392481133
86.79339669834917,14198.253453890526
86.89344672336168,14232.007699697771
86.99349674837418,14265.801985535038
87.09354677338669,14299.636311402324
87.1935967983992,14333.51067729963
87.2936468234117,14367.425083226957
87.39369684842421,14401.379529184302
87.49374687343672,14435.374015171668
87.5937968984492,14469.408541189045
87.6938469234617,14503.48310723645
87.79389694847421,14537.597713313879
87.89394697348672,14571.752359421323
87.99399699849923,14605.947045558789
88.09404702351173,14640.181771726277
88.19409704852424,14674.456537923783
88.29414707353675,14708.771344151308
88.39419709854926,14743.126190408855
88.49424712356176,14777.521076696421
88.59429714857427,14811.956003014007
88.69434717358678,14846.430969361614
88.79439719859928,14880.94597573924
88.89444722361179,14915.501022146886
88.9944972486243,14950.096108584554
89.0945472736368,14984.731235052239
89.19459729864931,15019.406401549944
89.29464732366182,15054.121608077672
89.39469734867433,15088.876854635419
89.49474737368683,15123.672141223184
89.59479739869934,15158.507467840971
89.69484742371185,15193.382834488777
89.79489744872436,15228.298241166605
89.89494747373686,15263.25368787445
89.99499749874937,15298.249174612316
90.09504752376188,15333.284701380202
90.19509754877438,15368.36026817811
90.29514757378689,15403.475875006035
90.3951975987994,15438.631521863983
90.4952476238119,15473.82720875195
90.59529764882441,15509.062935669937
90.69534767383692,15544.338702617943
90.7953976988494,15579.65450959596
90.8954477238619,15615.010356604007
90.99549774887441,15650.406243642074
91.09554777388692,15685.842170710159
91.19559779889943,15721.318137808265
91.29564782391193,15756.834144936392
91.39569784892444,15792.390192094539
91.49574787393695,15827.986279282708
91.59579789894946,15863.622406500892
91.69584792396196,15899.2985737491
91.79589794897447,15935.014781027327
91.89594797398698,15970.771028335572
91.99599799899948,16006.567315673838
92.09604802401199,16042.403643042126
92.1960980490245,16078.280010440432
92.296148074037,16114.19641786876
92.39619809904951,16150.152865327109
92.49624812406202,16186.149352815473
92.59629814907453,16222.185880333858
92.69634817408703,16258.262447882269
92.79639819909954,16294.379055460695
92.89644822411205,16330.535703069141
92.99649824912456,16366.73239070761
93.09654827413706,16402.969118376095
93.19659829914957,16439.2458860746
93.29664832416208,16475.56269380313
93.39669834917459,16511.919541561678
93.49674837418709,16548.31642935024
93.5967983991996,16584.75335716883
93.6968484242121,16621.230325017437
93.79689844922461,16657.747332896062
93.89694847423709,16694.3043808047
93.9969984992496,16730.90146874337
94.0970485242621,16767.538596712053
94.19709854927461,16804.21576471076
94.29714857428712,16840.93297273949
94.39719859929963,16877.690220798235
94.49724862431214,16914.487508887003
94.59729864932464,16951.32483700579
94.69734867433715,16988.202205154594
94.79739869934966,17025.119613333423
94.89744872436216,17062.077061542273
94.99749874937467,17099.074549781137
95.09754877438718,17136.112078050024
95.19759879939969,17173.189646348932
95.29764882441219,17210.307254677857
95.3976988494247,17247.464903036805
95.4977488744372,17284.662591425775
95.59779889944971,17321.90031984476
95.69784892446222,17359.178088293767
95.79789894947473,17396.495896772798
95.89794897448724,17433.853745281842
95.99799899949974,17471.25163382091
96.09804902451225,17508.689562389998
96.19809904952476,17546.167530989103
96.29814907453726,17583.685539618233
96.39819909954977,17621.24358827738
96.49824912456228,17658.841676966545
96.59829914957479,17696.479805685733
96.69834917458729,17734.15797443494
96.7983991995998,17771.876183214168
96.8984492246123,17809.634432023417
96.99849924962481,17847.432720862686
97.09854927463729,17885.271049731957
97.1985992996498,17923.149418631267
97.2986493246623,17961.067827560593
97.39869934967481,17999.026276519944
97.49874937468732,18037.024765509308
97.59879939969983,18075.063294528696
97.69884942471234,18113.141863578105
97.79889944972484,18151.26047265753
97.89894947473735,18189.41912176698
97.99899949974986,18227.61781090645
98.09904952476236,18265.856540075933
98.19909954977487,18304.135309275443
98.29914957478738,18342.45411850497
98.39919959979989,18380.812967764516
98.49924962481239,18419.211857054084
98.5992996498249,18457.650786373673
98.6993496748374,18496.12975572328
98.79939969984991,18534.64876510291
98.89944972486242,18573.207814512556
98.99949974987493,18611.806903952223
99.09954977488744,18650.44603342191
99.19959979989994,18689.12520292162
99.29964982491245,18727.844412451344
99.39969984992496,18766.603662011094
99.49974987493746,18805.402951600863
99.59979989994997,18844.24228122065
99.69984992496248,18883.121650870457
99.79989994997499,18922.041060550288
99.89994997498749,18961.00051026013
100.0,19000.0
